{
  "total_drawdowns": 47,
  "max_drawdown_depth": {
    "mean": -13.038175073510354,
    "std": 8.096694848035426,
    "median": -10.07426671008999,
    "min": -48.70620967005115,
    "max": -5.073479244342901,
    "range_1std": [
      -21.13486992154578,
      -4.941480225474928
    ],
    "range_2std": [
      -29.231564769581205,
      3.1552146225604982
    ]
  },
  "days_to_trough": {
    "mean": 40.148936170212764,
    "std": 25.744546677428055,
    "median": 43.0,
    "min": 4.0,
    "max": 97.0,
    "range_1std": [
      14.40438949278471,
      65.89348284764083
    ],
    "range_2std": [
      -11.340157184643346,
      91.63802952506887
    ]
  },
  "total_duration": {
    "recovered_count": 36,
    "recovery_rate": 76.59574468085107,
    "mean": 111.55555555555556,
    "std": 77.71539448322024,
    "median": 119.5,
    "min": 13.0,
    "max": 218.0,
    "range_1std": [
      33.84016107233532,
      189.2709500387758
    ],
    "range_2std": [
      -43.87523341088492,
      266.98634452199605
    ]
  }
}