additional_severity,days_to_trough
-0.07902448222297313,112.0
0.0,40.0
0.0,13.0
-0.05992650733890441,156.0
