additional_severity,days_to_trough
-0.07555939849759367,169.0
-0.08427940446263073,98.0
0.0,13.0
