{
  "2017": {
    "train_size": 913,
    "test_size": 239,
    "models_trained": [
      "XGBoost",
      "LightGBM",
      "ARIMA",
      "SARIMA",
      "SARIMAX"
    ],
    "model_performance": {
      "XGBoost": {
        "val_mae": 128.50799600051795,
        "val_mape": 1.9832156111280004,
        "train_mae": 0.09480007877424072,
        "train_mape": 0.0014499902819022001,
        "overfitting_score": 1355.5684516523463,
        "is_overfitting": "True",
        "type": "multi_model"
      },
      "LightGBM": {
        "val_mae": 151.60296853126127,
        "val_mape": 2.340545743607234,
        "train_mae": 4.421540663669756,
        "train_mape": 0.06743560206778318,
        "overfitting_score": 34.287362723344266,
        "is_overfitting": "True",
        "type": "multi_model"
      },
      "ARIMA": {
        "val_mae": 78.6273918448798,
        "val_mape": 1.281963242080251,
        "train_mae": 38.69940506812788,
        "train_mape": 0.5555529090795891,
        "overfitting_score": 2.0317467854211504,
        "is_overfitting": true,
        "type": "arima"
      },
      "SARIMA": {
        "val_mae": 66.69181851929716,
        "val_mape": 1.0872373105137532,
        "train_mae": 52.38515642241716,
        "train_mape": 0.7477799424829742,
        "overfitting_score": 1.2731052663375795,
        "is_overfitting": false,
        "type": "sarima"
      },
      "SARIMAX": {
        "val_mae": 68.09622887832951,
        "val_mape": 1.1105545265466825,
        "train_mae": 39.35458270087041,
        "train_mape": 0.5555212813647984,
        "overfitting_score": 1.7303252684934052,
        "is_overfitting": false,
        "type": "sarimax"
      }
    }
  },
  "2018": {
    "train_size": 1152,
    "test_size": 239,
    "models_trained": [
      "XGBoost",
      "LightGBM",
      "ARIMA",
      "SARIMA",
      "SARIMAX"
    ],
    "model_performance": {
      "XGBoost": {
        "val_mae": 63.5559194589247,
        "val_mape": 0.9824789776043834,
        "train_mae": 0.14225642635884744,
        "train_mape": 0.0021859890590946772,
        "overfitting_score": 446.770111450729,
        "is_overfitting": "True",
        "type": "multi_model"
      },
      "LightGBM": {
        "val_mae": 75.29158136574162,
        "val_mape": 1.165529450965805,
        "train_mae": 5.014565132157197,
        "train_mape": 0.07692399346441028,
        "overfitting_score": 15.014578409384866,
        "is_overfitting": "True",
        "type": "multi_model"
      },
      "ARIMA": {
        "val_mae": 103.44069518155905,
        "val_mape": 1.5895998148171095,
        "train_mae": 32.89894834199981,
        "train_mape": 0.4979966171892456,
        "overfitting_score": 3.14419458355462,
        "is_overfitting": true,
        "type": "arima"
      },
      "SARIMA": {
        "val_mae": 140.38125832209482,
        "val_mape": 2.1569890744942275,
        "train_mae": 44.7180213328243,
        "train_mape": 0.6864975088716667,
        "overfitting_score": 3.139254692806611,
        "is_overfitting": true,
        "type": "sarima"
      },
      "SARIMAX": {
        "val_mae": 114.99834719957292,
        "val_mape": 1.7659541258895066,
        "train_mae": 34.3640673887061,
        "train_mape": 0.5246587530541973,
        "overfitting_score": 3.346470774218294,
        "is_overfitting": true,
        "type": "sarimax"
      }
    }
  },
  "2019": {
    "train_size": 1391,
    "test_size": 241,
    "models_trained": [
      "XGBoost",
      "LightGBM",
      "ARIMA",
      "SARIMA",
      "SARIMAX"
    ],
    "model_performance": {
      "XGBoost": {
        "val_mae": 66.47274817210062,
        "val_mape": 1.0728541541394045,
        "train_mae": 0.20901650539232386,
        "train_mape": 0.0032171846234512955,
        "overfitting_score": 318.02631111515,
        "is_overfitting": "True",
        "type": "multi_model"
      },
      "LightGBM": {
        "val_mae": 64.43725782303946,
        "val_mape": 1.0401080771699676,
        "train_mae": 5.552135075637418,
        "train_mape": 0.08541492923114209,
        "overfitting_score": 11.605851973196398,
        "is_overfitting": "True",
        "type": "multi_model"
      },
      "ARIMA": {
        "val_mae": 88.83088102879414,
        "val_mape": 1.4888120664546292,
        "train_mae": 30.704725259968683,
        "train_mape": 0.48966408931052285,
        "overfitting_score": 2.8930687468031993,
        "is_overfitting": true,
        "type": "arima"
      },
      "SARIMA": {
        "val_mae": 101.66702047588727,
        "val_mape": 1.7038774153895497,
        "train_mae": 39.83875666056668,
        "train_mape": 0.6357082183501743,
        "overfitting_score": 2.5519626865393525,
        "is_overfitting": true,
        "type": "sarima"
      },
      "SARIMAX": {
        "val_mae": 106.30005892007573,
        "val_mape": 1.7817341295739804,
        "train_mae": 30.42816981789907,
        "train_mape": 0.48671297094733684,
        "overfitting_score": 3.4934752749258604,
        "is_overfitting": true,
        "type": "sarimax"
      }
    }
  },
  "2020": {
    "train_size": 1632,
    "test_size": 208,
    "models_trained": [
      "XGBoost",
      "LightGBM",
      "ARIMA",
      "SARIMA",
      "SARIMAX"
    ],
    "model_performance": {
      "XGBoost": {
        "val_mae": 167.40064181778843,
        "val_mape": 2.9837418882196776,
        "train_mae": 0.26519236495277165,
        "train_mape": 0.004093839541298548,
        "overfitting_score": 631.2423129059578,
        "is_overfitting": "True",
        "type": "multi_model"
      },
      "LightGBM": {
        "val_mae": 162.26848648639532,
        "val_mape": 2.9049074947522806,
        "train_mae": 5.925731501885361,
        "train_mape": 0.09129916669867885,
        "overfitting_score": 27.38370552813052,
        "is_overfitting": "True",
        "type": "multi_model"
      },
      "ARIMA": {
        "val_mae": 178.5607835971035,
        "val_mape": 3.0167917170317375,
        "train_mae": 32.49916922251384,
        "train_mape": 0.5301471774259682,
        "overfitting_score": 5.4943184047118745,
        "is_overfitting": true,
        "type": "arima"
      },
      "SARIMA": {
        "val_mae": 153.4327306819481,
        "val_mape": 2.5930743564334744,
        "train_mae": 41.276654027247034,
        "train_mape": 0.6666087703247664,
        "overfitting_score": 3.717179463739139,
        "is_overfitting": true,
        "type": "sarima"
      },
      "SARIMAX": {
        "val_mae": 148.918519519361,
        "val_mape": 2.516477556555746,
        "train_mae": 31.384984435447034,
        "train_mape": 0.5007049011406731,
        "overfitting_score": 4.744897032708689,
        "is_overfitting": true,
        "type": "sarimax"
      }
    }
  },
  "2021": {
    "train_size": 1840,
    "test_size": 239,
    "models_trained": [
      "XGBoost",
      "LightGBM",
      "ARIMA",
      "SARIMA",
      "SARIMAX"
    ],
    "model_performance": {
      "XGBoost": {
        "val_mae": 216.83883002283983,
        "val_mape": 4.143912904549838,
        "train_mae": 0.36913060600238806,
        "train_mape": 0.005768002282755425,
        "overfitting_score": 587.4311869480609,
        "is_overfitting": "True",
        "type": "multi_model"
      },
      "LightGBM": {
        "val_mae": 213.90632961970033,
        "val_mape": 4.0935126734659235,
        "train_mae": 6.857164168616862,
        "train_mape": 0.10689716239848526,
        "overfitting_score": 31.194576119189914,
        "is_overfitting": "True",
        "type": "multi_model"
      },
      "ARIMA": {
        "val_mae": 1067.3388782732532,
        "val_mape": 13.170771262461292,
        "train_mae": 41.88318045384188,
        "train_mape": 0.7462831784103539,
        "overfitting_score": 25.48371128237344,
        "is_overfitting": true,
        "type": "arima"
      },
      "SARIMA": {
        "val_mae": 1005.0215293032395,
        "val_mape": 12.400436734542378,