{
  "val_results": {
    "model_name": "Random Forest (Val)",
    "accuracy": 0.933115823817292,
    "precision": 0.6610169491525424,
    "recall": 0.65,
    "f1_score": 0.6554621848739496,
    "auc": 0.9717299578059072,
    "average_precision": 0.7781610766802401,
    "confusion_matrix": [
      [
        533,
        20
      ],
      [
        21,
        39
      ]
    ],
    "tn": 533,
    "fp": 20,
    "fn": 21,
    "tp": 39
  },
  "test_results": {
    "model_name": "Random Forest (Test)",
    "accuracy": 0.9477977161500816,
    "precision": 0.75,
    "recall": 0.7,
    "f1_score": 0.7241379310344828,
    "auc": 0.9589210367691381,
    "average_precision": 0.7878178547043723,
    "confusion_matrix": [
      [
        539,
        14
      ],
      [
        18,
        42
      ]
    ],
    "tn": 539,
    "fp": 14,
    "fn": 18,
    "tp": 42
  }
}